<?xml version="1.0" encoding="UTF-8"?>
<project-private xmlns="http://www.netbeans.org/ns/project-private/1">
    <editor-bookmarks xmlns="http://www.netbeans.org/ns/editor-bookmarks/2" lastBookmarkId="0"/>
    <open-files xmlns="http://www.netbeans.org/ns/projectui-open-files/2">
        <group>
            <file>file:/C:/Users/DELL/Documents/NetBeansProjects/Cafe_Management/src/dao/BillDao.java</file>
            <file>file:/C:/Users/DELL/Documents/NetBeansProjects/Cafe_Management/src/dao/ProductDao.java</file>
            <file>file:/C:/Users/DELL/Documents/NetBeansProjects/Cafe_Management/src/ManageCategory.java</file>
            <file>file:/C:/Users/DELL/Documents/NetBeansProjects/Cafe_Management/test/ManageCategoryTest.java</file>
            <file>file:/C:/Users/DELL/Documents/NetBeansProjects/Cafe_Management/test/AddNewProductTest.java</file>
            <file>file:/C:/Users/DELL/Documents/NetBeansProjects/Cafe_Management/src/Login.java</file>
            <file>file:/C:/Users/DELL/Documents/NetBeansProjects/Cafe_Management/src/Signup.java</file>
            <file>file:/C:/Users/DELL/Documents/NetBeansProjects/Cafe_Management/src/AddNewProduct.java</file>
            <file>file:/C:/Users/DELL/Documents/NetBeansProjects/Cafe_Management/src/PlaceOrder.java</file>
            <file>file:/C:/Users/DELL/Documents/NetBeansProjects/Cafe_Management/src/ViewEditDeleteProduct.java</file>
            <file>file:/C:/Users/DELL/Documents/NetBeansProjects/Cafe_Management/test/LoginTest.java</file>
            <file>file:/C:/Users/DELL/Documents/NetBeansProjects/Cafe_Management/src/ChangePassword.java</file>
        </group>
    </open-files>
</project-private>
