<?xml version="1.0" encoding="UTF-8"?>
<project-private xmlns="http://www.netbeans.org/ns/project-private/1">
    <editor-bookmarks xmlns="http://www.netbeans.org/ns/editor-bookmarks/2" lastBookmarkId="0"/>
    <open-files xmlns="http://www.netbeans.org/ns/projectui-open-files/2">
        <group>
            <file>file:/C:/Users/DELL/Documents/NetBeansProjects/Cafe_Management/src/dao/tables.java</file>
            <file>file:/C:/Users/DELL/Documents/NetBeansProjects/Cafe_Management/src/dao/ProductDao.java</file>
            <file>file:/C:/Users/DELL/Documents/NetBeansProjects/Cafe_Management/src/model/Category.java</file>
            <file>file:/C:/Users/DELL/Documents/NetBeansProjects/Cafe_Management/src/Home.java</file>
            <file>file:/C:/Users/DELL/Documents/NetBeansProjects/Cafe_Management/src/Login.java</file>
            <file>file:/C:/Users/DELL/Documents/NetBeansProjects/Cafe_Management/src/ViewEditDeleteProduct.java</file>
            <file>file:/C:/Users/DELL/Documents/NetBeansProjects/Cafe_Management/src/dao/CategoryDao.java</file>
        </group>
    </open-files>
</project-private>
